[
  {
    "id": "1avg9fpei0.alia0duccb",
    "title": "leancloud is REMOVED!",
    "content": "use fake data instead"
  },
  {
    "id": "1avg9fpei0.hrpkt5v3grg",
    "title": "from 🇨🇳",
    "content": "for the world"
  },
  {
    "id": "1avg9fpei0.n45om0s6b78",
    "title": "could be used in production?",
    "content": "though still working in progress"
  },
  {
    "id": "1avg9fpei0.rc84eok8ul",
    "title": "得到",
    "content": "点点滴滴"
  },
  {
    "id": "1avg9fpei0.00psciss0lo",
    "title": "saasfas",
    "content": "asddasds"
  },
  {
    "id": "1avg9fpei0.ar17bbqbthg",
    "title": "poop",
    "content": "monkeys"
  },
  {
    "id": "1avg9fpei0.bf5705249k",
    "title": "sfdsfsfdfs",
    "content": "fsdafsdfsdf"
  },
  {
    "id": "1avg9fpei0.sjvk7gv5jc8",
    "title": "wwww",
    "content": "wwww"
  },
  {
    "id": "1avg9fpei0.0s8ri08ogf8",
    "title": "Vue 2.0 is Here!",
    "content": "https://medium.com/the-vue-point/vue-2-0-is-here-ef1f26acf4b8#.zi0jbpmom"
  },
  {
    "id": "1avg9fpei0.hr3g287ns1",
    "title": "dfgf",
    "content": "fddgd"
  },
  {
    "id": "1avg9fpei0.f8dcvqeukq",
    "title": "测试一下 just a test",
    "content": "看上去不错哦"
  },
  {
    "id": "1avg9fpei0.it3fp87k708",
    "title": "jjj",
    "content": "jjjj"
  },
   {
     "id": "1avg9fpei0.q99hus0bk",
    "title": "使用了自定义的 tap 事件",
    "content": "解决 300 毫秒延迟，还在进行更多的测试……"
  },
  {
    "id": "1avg9fpei0.9t6a3odc0io",
    "title": "4344",
    "content": "444"
  },
  {
    "id": "1avg9fpei0.fv6dddg64m8",
    "title": "ttt",
    "content": "tttt"
  },
  {
    "id": "1avg9fpei0.hn5qqh7adv",
    "title": "1212",
    "content": "21242"
  },
  {
    "id": "1avg9fpei0.jkgcu8rt28",
    "title": "d",
    "content": "dd"
  },
  {
    "id": "1avg9fpei0.2n730tvn9fg",
    "title": "13213",
    "content": "12313"
  },
  {
    "id": "1avg9fpei0.t5qr27tf30o",
    "title": "sss",
    "content": "ddd"
  },
  {
    "id": "1avg9fpei0.tp06rfscto",
    "title": "123",
    "content": "456"
  },
  {
    "id": "1avg9fpei0.c97duh41e9",
    "title": "fffff",
    "content": "ffff"
  },
  {
    "id": "1avg9fpei0.316lmeshcj8",
    "title": "123123",
    "content": "123123123"
  },
  {
    "id": "1avg9fpei0.rfd2nhvnnbg",
    "title": "sdfsdfasdfas",
    "content": "dfsdfasd"
  },
  {
    "id": "1avg9fpei0.rlc6teb7f8",
    "title": "test for normalizer",
    "content": "test for normalizer"
  }
]
